feature,mean_abs_shap
ion,0.4834928381519529
lc_tree_5km,0.19971906398730563
precip_mm,0.15024208623733346
longitude,0.11354278841298468
lc_bare_5km,0.10158823488416195
pet_mm,0.09541256567422592
night_lights_5km,0.08427743858969337
elevation,0.06982068349308637
temp_trend_c_yr,0.06878298949619281
soil_ph,0.062428386143787304
latitude,0.05622995713380954
lc_crop_5km,0.05209807898710048
lc_water_500m,0.049847082445134444
pr_tc_mm,0.046150688731091696
soil_clay,0.045687243951618516
pop_density_5km,0.04444979633517482
lc_grass_5km,0.044189220553653666
temp_c,0.04327473045051272
soil_soc,0.036725053189200024
aridity,0.03620231041579951
soil_sand,0.035868755962683276
precip_trend_mm_yr,0.0348922699286984
lc_bare_500m,0.03427245083066365
lc_tree_500m,0.03257644896870352
lc_wetland_5km,0.030256070306177694
slope,0.028740498791261036
lc_water_5km,0.025962102366694148
night_lights_500m,0.02473348917604713
pop_density_500m,0.022514031998274495
lc_crop_500m,0.019429939622559945
lc_builtup_5km,0.018344755107464354
lc_grass_500m,0.017011471248521284
lc_builtup_500m,0.013839509872293449
lc_wetland_500m,0.013765891605075124
lc_shrub_5km,0.007195678679778917
lc_shrub_500m,0.0031643729494713205
lc_snowice_5km,0.0004859068843383431
lc_snowice_500m,9.965893591010685e-05
